Date,Adj Close,Close,High,Low
11/11/2019,88.582,88.582,89.000,88.356
12/11/2019,88.900,88.900,89.311,88.595
13/11/2019,87.656,87.656,88.750,87.366
14/11/2019,87.730,87.730,88.329,87.478
15/11/2019,86.975,86.975,88.084,86.643
18/11/2019,87.627,87.627,87.685,86.135
19/11/2019,87.640,87.640,88.034,87.151
20/11/2019,87.276,87.276,88.126,86.706
21/11/2019,86.735,86.735,87.343,86.518
22/11/2019,87.286,87.286,87.322,86.550
25/11/2019,88.692,88.692,88.871,87.662
26/11/2019,89.847,89.847,89.852,88.918
27/11/2019,90.925,90.925,91.225,89.866
29/11/2019,90.040,90.040,91.234,90.039
02/12/2019,89.080,89.080,90.277,88.134
03/12/2019,88.498,88.498,88.644,87.362
04/12/2019,88.035,88.035,89.454,88.011
05/12/2019,87.024,87.024,88.175,87.000
06/12/2019,87.580,87.580,87.720,87.007
09/12/2019,87.476,87.476,88.344,87.281
10/12/2019,86.961,86.961,87.534,86.750
11/12/2019,87.436,87.436,87.500,86.785
12/12/2019,88.017,88.017,88.200,87.272
13/12/2019,88.047,88.047,88.450,87.750
16/12/2019,88.461,88.461,88.475,87.853
17/12/2019,89.533,89.533,89.600,88.869
18/12/2019,89.201,89.201,89.910,89.118
19/12/2019,89.614,89.614,89.649,88.703
20/12/2019,89.325,89.325,90.148,89.122
23/12/2019,89.650,89.650,89.650,89.226
24/12/2019,89.461,89.461,89.779,89.379
26/12/2019,93.438,93.438,93.523,89.975
27/12/2019,93.490,93.490,95.070,93.300
30/12/2019,92.344,92.344,94.200,92.031
31/12/2019,92.392,92.392,92.663,91.612
02/01/2020,94.900,94.900,94.900,93.207
03/01/2020,93.748,93.748,94.310,93.225
06/01/2020,95.144,95.144,95.185,93.000
07/01/2020,95.343,95.343,95.695,94.602
08/01/2020,94.599,94.599,95.550,94.322
09/01/2020,95.052,95.052,95.891,94.790
10/01/2020,94.158,94.158,95.347,94.000
13/01/2020,94.565,94.565,94.900,94.040
14/01/2020,93.472,93.472,94.355,92.927
15/01/2020,93.101,93.101,93.943,92.755
16/01/2020,93.897,93.897,94.280,93.301
17/01/2020,93.236,93.236,94.332,92.863
21/01/2020,94.600,94.600,94.714,93.000
22/01/2020,94.373,94.373,95.125,94.167
23/01/2020,94.229,94.229,94.499,93.638
24/01/2020,93.082,93.082,94.749,92.372
27/01/2020,91.417,91.417,92.050,90.767
28/01/2020,92.662,92.662,92.906,91.501
29/01/2020,92.900,92.900,93.738,92.751
30/01/2020,93.534,93.534,93.644,92.531
31/01/2020,100.436,100.436,102.786,100.114
03/02/2020,100.210,100.210,102.425,100.012
04/02/2020,102.483,102.483,102.990,100.769
05/02/2020,101.993,101.993,103.551,101.600
06/02/2020,102.511,102.511,102.815,101.240
07/02/2020,103.964,103.964,104.926,101.905
10/02/2020,106.696,106.696,106.780,104.248
11/02/2020,107.540,107.540,109.298,106.800
12/02/2020,108.000,108.000,109.012,107.765
13/02/2020,107.493,107.493,108.514,107.100
14/02/2020,106.743,106.743,107.952,106.295
18/02/2020,107.784,107.784,108.303,106.205
19/02/2020,108.511,108.511,109.255,108.056
20/02/2020,107.655,107.655,108.840,106.372
21/02/2020,104.799,104.799,107.228,104.400
24/02/2020,100.465,100.465,101.965,99.398
25/02/2020,98.637,98.637,101.730,97.921
26/02/2020,98.979,98.979,100.733,98.022
27/02/2020,94.215,94.215,98.750,94.138
28/02/2020,94.188,94.188,94.488,90.557
02/03/2020,97.698,97.698,97.726,93.500
03/03/2020,95.450,95.450,99.816,94.405
04/03/2020,98.791,98.791,98.900,96.100
05/03/2020,96.201,96.201,98.036,95.500
06/03/2020,95.054,95.054,95.544,93.475
09/03/2020,90.031,90.031,93.138,88.064
10/03/2020,94.591,94.591,94.714,90.909
11/03/2020,91.043,91.043,93.566,90.075
12/03/2020,83.830,83.830,88.250,83.750
13/03/2020,89.250,89.250,89.315,84.031
16/03/2020,84.457,84.457,87.973,81.301
17/03/2020,90.392,90.392,92.889,84.462
18/03/2020,91.500,91.500,92.083,87.250
19/03/2020,94.047,94.047,97.250,91.632
20/03/2020,92.304,92.304,97.850,91.036
23/03/2020,95.142,95.142,95.970,90.600
24/03/2020,97.005,97.005,97.750,95.017
25/03/2020,94.292,94.292,97.513,94.289
26/03/2020,97.774,97.774,97.825,94.465
27/03/2020,95.005,95.005,96.990,94.996
30/03/2020,98.198,98.198,98.682,95.617
31/03/2020,97.486,97.486,99.651,97.201
01/04/2020,95.385,95.385,97.248,94.650
02/04/2020,95.941,95.941,96.377,94.500
03/04/2020,95.329,95.329,96.316,94.457
06/04/2020,99.880,99.880,99.926,96.501
07/04/2020,100.580,100.580,101.786,99.881
08/04/2020,102.150,102.150,102.200,100.558
09/04/2020,102.138,102.138,102.650,100.883
13/04/2020,108.443,108.443,109.000,101.900
14/04/2020,114.166,114.166,114.600,109.311
15/04/2020,115.384,115.384,116.669,112.250
16/04/2020,120.410,120.410,123.050,116.750
17/04/2020,118.750,118.750,120.000,115.801
20/04/2020,119.680,119.680,122.249,119.302
21/04/2020,116.406,116.406,121.415,113.983
22/04/2020,118.174,118.174,119.700,117.550
23/04/2020,119.973,119.973,121.211,119.104
24/04/2020,120.511,120.511,121.021,119.100
27/04/2020,118.800,118.800,122.244,118.150
28/04/2020,115.704,115.704,118.675,115.300
29/04/2020,118.635,118.635,119.594,115.500
30/04/2020,123.700,123.700,123.750,119.800
01/05/2020,114.302,114.302,118.122,112.910
04/05/2020,115.799,115.799,116.349,112.819
05/05/2020,115.890,115.890,117.550,115.356
06/05/2020,117.563,117.563,117.872,116.000
07/05/2020,118.381,118.381,118.800,117.156
08/05/2020,118.980,118.980,119.362,117.850
11/05/2020,120.450,120.450,120.983,118.605
12/05/2020,117.848,117.848,120.950,117.750
13/05/2020,118.396,118.396,120.385,116.890
14/05/2020,119.442,119.442,119.568,117.660
15/05/2020,120.489,120.489,120.550,117.818
18/05/2020,121.313,121.313,121.650,119.201
19/05/2020,122.466,122.466,124.250,121.449
20/05/2020,124.897,124.897,125.001,123.364
21/05/2020,122.337,122.337,126.272,122.127
22/05/2020,121.844,121.844,123.493,121.507
26/05/2020,121.093,121.093,123.100,120.703
27/05/2020,120.520,120.520,120.679,116.500
28/05/2020,120.055,120.055,121.849,118.911
29/05/2020,122.118,122.118,122.118,119.910
01/06/2020,123.552,123.552,123.846,122.209
02/06/2020,123.620,123.620,123.676,122.266
03/06/2020,123.920,123.920,124.400,123.059
04/06/2020,123.030,123.030,125.377,122.501
05/06/2020,124.150,124.150,124.433,121.856
08/06/2020,126.203,126.203,126.500,124.367
09/06/2020,130.043,130.043,131.322,126.250
10/06/2020,132.372,132.372,136.117,131.313
11/06/2020,127.898,127.898,133.569,126.812
12/06/2020,127.251,127.251,131.074,125.168
15/06/2020,128.634,128.634,129.200,125.400
16/06/2020,130.764,130.764,131.000,128.800
17/06/2020,132.049,132.049,132.750,131.591
18/06/2020,132.699,132.699,132.982,131.805
19/06/2020,133.751,133.751,134.872,132.950
22/06/2020,135.691,135.691,135.750,133.450
23/06/2020,138.221,138.221,139.156,135.902
24/06/2020,136.720,136.720,139.800,136.050
25/06/2020,137.729,137.729,137.811,135.607
26/06/2020,134.643,134.643,139.128,134.400
29/06/2020,134.019,134.019,134.840,131.504
30/06/2020,137.941,137.941,138.482,133.751
01/07/2020,143.935,143.935,144.750,137.700
02/07/2020,144.515,144.515,147.778,143.555
06/07/2020,152.852,152.852,152.994,146.500
07/07/2020,150.006,150.006,153.477,149.500
08/07/2020,154.055,154.055,154.199,150.622
09/07/2020,159.132,159.132,159.694,153.700
10/07/2020,160.000,160.000,160.750,156.785
13/07/2020,155.200,155.200,167.214,153.419
14/07/2020,154.200,154.200,156.369,147.500
15/07/2020,150.443,150.443,154.917,148.659
16/07/2020,149.995,149.995,151.600,145.911
17/07/2020,148.098,148.098,151.200,147.423
20/07/2020,159.842,159.842,160.068,149.701
21/07/2020,156.915,156.915,162.029,155.286
22/07/2020,154.995,154.995,157.500,153.263
23/07/2020,149.327,149.327,154.913,148.500
24/07/2020,150.445,150.445,151.579,144.400
27/07/2020,152.760,152.760,154.900,150.788
28/07/2020,150.016,150.016,153.855,149.788
29/07/2020,151.676,151.676,151.958,149.839
30/07/2020,152.594,152.594,154.600,150.250
31/07/2020,158.234,158.234,162.341,157.550
03/08/2020,155.594,155.594,159.200,155.200
04/08/2020,156.941,156.941,158.362,155.061
05/08/2020,160.251,160.251,160.680,156.365
06/08/2020,161.250,161.250,162.374,158.271
07/08/2020,158.373,158.373,162.040,157.033
10/08/2020,157.408,157.408,158.626,155.076
11/08/2020,154.033,154.033,157.961,153.650
12/08/2020,158.112,158.112,158.719,155.071
13/08/2020,158.051,158.051,160.876,157.750
14/08/2020,157.401,157.401,158.912,156.000
17/08/2020,159.120,159.120,159.749,157.709
18/08/2020,165.624,165.624,166.000,160.291
19/08/2020,163.024,163.024,165.795,162.800
20/08/2020,164.868,164.868,165.631,161.900
21/08/2020,164.236,164.236,165.720,163.770
24/08/2020,165.373,165.373,169.016,162.878
25/08/2020,167.324,167.324,167.870,163.350
26/08/2020,172.092,172.092,172.587,167.229
27/08/2020,170.000,170.000,172.650,168.900
28/08/2020,170.090,170.090,171.669,169.325
31/08/2020,172.548,172.548,174.750,170.250
01/09/2020,174.956,174.956,175.693,173.350
02/09/2020,176.572,176.572,177.613,174.335
03/09/2020,168.400,168.400,174.421,165.150
04/09/2020,164.731,164.731,169.075,155.557
08/09/2020,157.492,157.492,162.542,156.500
09/09/2020,163.430,163.430,165.159,159.250
10/09/2020,158.755,158.755,167.495,158.527
11/09/2020,155.811,155.811,160.867,154.199
14/09/2020,155.148,155.148,159.370,154.800
15/09/2020,157.807,157.807,158.751,155.446
16/09/2020,153.905,153.905,159.362,153.708
17/09/2020,150.436,150.436,151.471,148.628
18/09/2020,147.745,147.745,151.890,145.277
21/09/2020,148.023,148.023,148.100,143.550
22/09/2020,156.449,156.449,156.699,150.010
23/09/2020,149.993,149.993,156.350,149.619
24/09/2020,150.990,150.990,153.465,148.250
25/09/2020,154.757,154.757,155.077,149.950
28/09/2020,158.702,158.702,158.752,155.859
29/09/2020,157.244,157.244,159.413,156.627
30/09/2020,157.436,157.436,160.644,156.699
01/10/2020,161.063,161.063,161.200,158.600
02/10/2020,156.250,156.250,159.790,156.150
05/10/2020,159.960,159.960,160.126,157.042
06/10/2020,154.998,154.998,159.100,154.500
07/10/2020,159.785,159.785,160.000,156.620
08/10/2020,159.527,159.527,161.665,158.749
09/10/2020,164.333,164.333,164.449,159.891
12/10/2020,172.146,172.146,174.812,166.977
13/10/2020,172.182,172.182,174.619,171.211
14/10/2020,168.186,168.186,173.244,167.000
15/10/2020,166.932,166.932,167.794,164.000
16/10/2020,163.635,163.635,169.983,158.000
19/10/2020,160.361,160.361,166.450,159.637
20/10/2020,160.850,160.850,163.300,159.600
21/10/2020,159.247,159.247,161.694,158.000
22/10/2020,158.820,158.820,159.938,156.097
23/10/2020,160.220,160.220,160.266,157.000
26/10/2020,160.352,160.352,164.149,157.665
27/10/2020,164.316,164.316,164.583,160.565
28/10/2020,158.139,158.139,163.201,158.124
29/10/2020,160.551,160.551,162.863,158.200
30/10/2020,151.807,151.807,158.350,150.950
02/11/2020,150.224,150.224,153.986,147.506
03/11/2020,152.421,152.421,153.745,149.049
04/11/2020,162.058,162.058,162.242,156.986
05/11/2020,166.100,166.100,168.340,164.444
06/11/2020,165.568,165.568,166.100,161.600
09/11/2020,157.187,157.187,164.450,155.605
10/11/2020,151.751,151.751,155.700,150.974
11/11/2020,156.870,156.870,156.958,152.500
12/11/2020,155.514,155.514,158.794,154.303
13/11/2020,156.441,156.441,157.086,154.270
16/11/2020,156.553,156.553,157.135,153.635
17/11/2020,156.783,156.783,159.462,156.763
18/11/2020,155.273,155.273,157.000,155.255
19/11/2020,155.851,155.851,156.250,154.046
20/11/2020,154.970,154.970,156.645,154.902
23/11/2020,154.919,154.919,156.988,153.273
24/11/2020,155.903,155.903,156.712,154.313
25/11/2020,159.253,159.253,159.900,157.013
27/11/2020,159.767,159.767,160.809,159.503
30/11/2020,158.402,158.402,161.419,156.277
01/12/2020,161.004,161.004,162.447,157.859
02/12/2020,160.176,160.176,161.600,158.663
03/12/2020,159.337,159.337,161.432,159.066
04/12/2020,158.129,158.129,159.911,157.938
07/12/2020,157.900,157.900,159.038,157.085
08/12/2020,158.865,158.865,159.206,156.001
09/12/2020,155.210,155.210,158.721,154.400
10/12/2020,155.074,155.074,157.105,153.800
11/12/2020,155.821,155.821,155.934,153.641
14/12/2020,157.848,157.848,159.523,156.300
15/12/2020,158.256,158.256,159.425,156.525
16/12/2020,162.048,162.048,162.350,158.184
17/12/2020,161.804,161.804,163.176,161.050
18/12/2020,160.083,160.083,162.471,158.580
21/12/2020,160.309,160.309,161.348,158.300
22/12/2020,160.326,160.326,161.100,159.004
23/12/2020,159.264,159.264,160.507,159.208
24/12/2020,158.635,158.635,160.100,158.450
28/12/2020,164.198,164.198,165.200,158.635
29/12/2020,166.100,166.100,167.533,164.061
30/12/2020,164.292,164.292,167.105,164.124
31/12/2020,162.846,162.846,164.146,162.060
04/01/2021,159.331,159.331,163.600,157.201
05/01/2021,160.926,160.926,161.169,158.253
06/01/2021,156.919,156.919,159.876,156.558
07/01/2021,158.108,158.108,160.427,157.750
08/01/2021,159.135,159.135,159.532,157.110
11/01/2021,155.710,155.710,157.819,155.500
12/01/2021,156.042,156.042,157.107,154.300
13/01/2021,158.294,158.294,159.497,156.104
14/01/2021,156.374,156.374,158.900,156.029
15/01/2021,155.212,155.212,157.128,154.758
19/01/2021,156.038,156.038,157.250,154.800
20/01/2021,163.169,163.169,163.990,158.750
21/01/2021,165.350,165.350,167.428,164.479
22/01/2021,164.611,164.611,166.096,164.158
25/01/2021,164.700,164.700,168.195,162.158
26/01/2021,166.307,166.307,166.900,164.143
27/01/2021,161.629,161.629,167.326,160.354
28/01/2021,161.881,161.881,165.084,161.434
29/01/2021,160.310,160.310,161.850,159.227
01/02/2021,167.144,167.144,167.513,161.751
02/02/2021,169.000,169.000,171.387,168.057
03/02/2021,165.626,165.626,171.700,165.431
04/02/2021,166.550,166.550,167.350,163.887
05/02/2021,167.607,167.607,168.850,165.135
08/02/2021,166.147,166.147,168.250,165.200
09/02/2021,165.250,165.250,166.900,164.892
10/02/2021,164.329,164.329,165.898,162.700
11/02/2021,163.107,163.107,164.600,162.403
12/02/2021,163.885,163.885,164.012,161.665
16/02/2021,163.447,163.447,165.415,162.680
17/02/2021,165.432,165.432,166.046,162.975
18/02/2021,166.411,166.411,166.900,163.697
19/02/2021,162.495,162.495,166.675,162.288
22/02/2021,159.037,159.037,161.616,158.613
23/02/2021,159.725,159.725,160.236,154.680
24/02/2021,157.977,157.977,158.561,156.269
25/02/2021,152.858,152.858,158.913,152.388
26/02/2021,154.646,154.646,156.122,151.835
01/03/2021,157.307,157.307,157.478,154.900
02/03/2021,154.727,154.727,158.176,154.356
03/03/2021,150.250,150.250,155.389,149.750
04/03/2021,148.878,148.878,152.906,147.271
05/03/2021,150.023,150.023,150.450,144.050
08/03/2021,147.598,147.598,153.230,147.566
09/03/2021,153.143,153.143,154.548,150.258
10/03/2021,152.882,152.882,155.823,151.503
11/03/2021,155.680,155.680,156.589,154.146
12/03/2021,154.475,154.475,154.949,152.275
15/03/2021,154.084,154.084,154.112,151.605
16/03/2021,154.593,154.593,156.445,153.793
17/03/2021,156.786,156.786,158.652,153.511
18/03/2021,151.400,151.400,155.831,151.250
19/03/2021,153.748,153.748,153.865,150.831
22/03/2021,155.544,155.544,156.329,153.003
23/03/2021,156.875,156.875,159.100,156.042
24/03/2021,154.354,154.354,158.016,154.258
25/03/2021,152.313,152.313,155.489,151.857
26/03/2021,152.602,152.602,152.833,149.800
29/03/2021,153.786,153.786,154.563,151.423
30/03/2021,152.764,152.764,153.650,151.700
31/03/2021,154.704,154.704,155.967,153.125
01/04/2021,158.050,158.050,158.122,155.777
05/04/2021,161.337,161.337,161.798,158.062
06/04/2021,161.191,161.191,162.365,160.852
07/04/2021,163.969,163.969,165.180,161.182
08/04/2021,164.965,164.965,166.225,164.600
09/04/2021,168.610,168.610,168.610,164.445
12/04/2021,168.969,168.969,169.752,167.557
13/04/2021,170.000,170.000,171.600,169.781
14/04/2021,166.650,166.650,170.206,166.300
15/04/2021,168.954,168.954,169.850,167.600
16/04/2021,169.972,169.972,170.340,167.779
19/04/2021,168.600,168.600,171.796,168.008
20/04/2021,166.734,166.734,169.150,165.800
21/04/2021,168.101,168.101,168.143,165.191
22/04/2021,165.452,165.452,168.643,165.072
23/04/2021,167.044,167.044,168.750,165.425
26/04/2021,170.450,170.450,171.423,166.547
27/04/2021,170.872,170.872,173.000,169.900
28/04/2021,172.925,172.925,174.494,171.250
29/04/2021,173.566,173.566,175.723,171.750
30/04/2021,173.371,173.371,177.700,173.125
03/05/2021,169.324,169.324,174.333,168.635
04/05/2021,165.594,165.594,168.399,163.607
05/05/2021,163.527,163.527,167.735,163.218
06/05/2021,165.318,165.318,165.720,162.360
07/05/2021,164.581,164.581,166.544,164.454
10/05/2021,159.525,159.525,164.150,159.500
11/05/2021,161.195,161.195,161.900,156.368
12/05/2021,157.597,157.597,160.397,156.655
13/05/2021,158.074,158.074,160.192,156.650
14/05/2021,161.145,161.145,161.443,159.150
17/05/2021,163.520,163.520,164.637,161.730
18/05/2021,161.614,161.614,165.600,161.518
19/05/2021,161.590,161.590,161.738,159.200
20/05/2021,162.384,162.384,162.984,161.809
21/05/2021,160.154,160.154,162.835,159.850
24/05/2021,162.249,162.249,162.898,160.525
25/05/2021,162.952,162.952,163.991,160.688
26/05/2021,163.258,163.258,164.786,162.926
27/05/2021,161.505,161.505,163.018,161.502
28/05/2021,161.154,161.154,162.400,160.985
01/06/2021,160.932,160.932,162.549,160.453
02/06/2021,161.699,161.699,161.750,160.400
03/06/2021,159.350,159.350,160.722,159.202
04/06/2021,160.311,160.311,161.050,159.941
07/06/2021,159.900,159.900,160.400,158.610
08/06/2021,163.206,163.206,163.977,160.900
09/06/2021,164.057,164.057,164.879,163.535
10/06/2021,167.482,167.482,167.550,164.057
11/06/2021,167.342,167.342,168.329,166.673
14/06/2021,169.193,169.193,169.250,166.775
15/06/2021,169.156,169.156,169.850,168.156
16/06/2021,170.762,170.762,171.318,168.027
17/06/2021,174.462,174.462,174.860,170.050
18/06/2021,174.345,174.345,175.350,173.686
21/06/2021,172.698,172.698,174.100,171.700
22/06/2021,175.272,175.272,176.189,172.805
23/06/2021,175.191,175.191,176.050,174.160
24/06/2021,172.454,172.454,176.243,171.542
25/06/2021,170.073,170.073,173.241,169.709
28/06/2021,172.195,172.195,172.400,170.676
29/06/2021,172.407,172.407,172.801,171.152
30/06/2021,172.008,172.008,173.580,171.750
01/07/2021,171.648,171.648,172.850,170.471
02/07/2021,175.549,175.549,175.586,171.846
06/07/2021,183.787,183.787,184.274,176.450
07/07/2021,184.829,184.829,186.710,183.945
08/07/2021,186.570,186.570,187.999,181.056
09/07/2021,185.967,185.967,187.400,184.670
12/07/2021,185.928,185.928,187.865,184.839
13/07/2021,183.868,183.868,188.654,183.566
14/07/2021,184.084,184.084,185.883,183.042
15/07/2021,181.560,181.560,184.770,181.046
16/07/2021,178.682,178.682,182.303,178.523
19/07/2021,177.480,177.480,177.510,174.958
20/07/2021,178.660,178.660,179.600,175.900
21/07/2021,179.260,179.260,179.322,177.182
22/07/2021,181.902,181.902,182.001,179.113
23/07/2021,182.832,182.832,183.305,181.102
26/07/2021,184.991,184.991,185.604,182.363
27/07/2021,181.320,181.320,184.925,179.307
28/07/2021,181.516,181.516,182.921,180.050
29/07/2021,179.996,179.996,181.898,179.001
30/07/2021,166.380,166.380,168.407,165.349
02/08/2021,166.574,166.574,167.946,165.850
03/08/2021,168.312,168.312,169.550,164.988
04/08/2021,167.736,167.736,169.444,167.278
05/08/2021,168.799,168.799,169.450,167.046
06/08/2021,167.247,167.247,168.750,166.452
09/08/2021,167.094,167.094,167.744,166.426
10/08/2021,166.034,166.034,167.900,165.750
11/08/2021,164.605,164.605,166.885,163.889
12/08/2021,165.175,165.175,165.725,163.484
13/08/2021,164.699,164.699,165.303,164.150
16/08/2021,164.949,164.949,165.000,160.557
17/08/2021,162.098,162.098,164.025,161.284
18/08/2021,160.061,160.061,162.705,160.000
19/08/2021,159.387,159.387,161.650,159.123
20/08/2021,159.997,159.997,160.391,158.788
23/08/2021,163.294,163.294,164.045,160.501
24/08/2021,165.289,165.289,165.775,163.729
25/08/2021,164.959,164.959,166.050,164.307
26/08/2021,165.800,165.800,166.600,164.800
27/08/2021,167.482,167.482,167.616,165.688
30/08/2021,171.079,171.079,172.250,167.761
31/08/2021,173.540,173.540,173.629,169.779
01/09/2021,173.950,173.950,176.350,173.762
02/09/2021,173.156,173.156,175.598,172.750
03/09/2021,173.902,173.902,174.133,171.822
07/09/2021,175.464,175.464,176.404,173.847
08/09/2021,176.275,176.275,177.281,174.783
09/09/2021,174.208,174.208,177.499,174.018
10/09/2021,173.458,173.458,175.423,173.145
13/09/2021,172.859,172.859,174.898,171.900
14/09/2021,172.500,172.500,174.340,171.885
15/09/2021,173.790,173.790,174.271,170.100
16/09/2021,174.412,174.412,174.628,172.307
17/09/2021,173.126,173.126,174.870,172.607
20/09/2021,167.786,167.786,170.950,165.251
21/09/2021,167.182,167.182,168.985,166.620
22/09/2021,169.003,169.003,169.450,167.053
23/09/2021,170.800,170.800,171.448,169.003
24/09/2021,171.276,171.276,171.463,169.670
27/09/2021,170.290,170.290,170.779,166.980
28/09/2021,165.798,165.798,168.460,164.505
29/09/2021,165.056,165.056,167.565,164.893
30/09/2021,164.252,164.252,166.393,163.699
01/10/2021,164.163,164.163,165.458,162.797
04/10/2021,159.489,159.489,163.999,158.813
05/10/2021,161.050,161.050,163.036,160.123
06/10/2021,163.100,163.100,163.217,159.931
07/10/2021,165.122,165.122,166.288,164.153
08/10/2021,164.431,164.431,166.072,164.410
11/10/2021,162.315,162.315,164.630,161.905
12/10/2021,162.367,162.367,163.376,161.814
13/10/2021,164.214,164.214,164.419,163.055
14/10/2021,164.993,164.993,165.630,164.539
15/10/2021,170.451,170.451,170.521,165.200
18/10/2021,172.337,172.337,172.458,169.255
19/10/2021,172.208,172.208,172.734,171.100
20/10/2021,170.753,170.753,173.143,170.018
21/10/2021,171.751,171.751,172.014,170.150
22/10/2021,166.777,166.777,171.492,166.565
25/10/2021,166.018,166.018,167.390,164.885
26/10/2021,168.803,168.803,170.806,167.199
27/10/2021,169.624,169.624,171.850,168.572
28/10/2021,172.329,172.329,173.950,169.300
29/10/2021,168.622,168.622,168.741,163.666
01/11/2021,165.906,165.906,168.793,164.601
02/11/2021,165.637,165.637,166.556,164.178
03/11/2021,169.200,169.200,169.746,164.876
04/11/2021,173.850,173.850,174.932,168.250
05/11/2021,175.949,175.949,178.313,173.849
08/11/2021,174.449,174.449,178.950,174.393
09/11/2021,178.811,178.811,179.689,175.072
10/11/2021,174.102,174.102,180.273,173.154
11/11/2021,173.625,173.625,177.162,173.374
12/11/2021,176.258,176.258,177.036,172.352
15/11/2021,177.284,177.284,179.694,176.290
16/11/2021,177.035,177.035,178.825,176.258
17/11/2021,177.450,177.450,179.363,177.268
18/11/2021,184.803,184.803,185.210,178.050
19/11/2021,183.829,183.829,188.107,183.786
22/11/2021,178.628,178.628,185.673,178.375
23/11/2021,179.002,179.002,181.053,176.385
24/11/2021,179.020,179.020,180.682,176.842
26/11/2021,175.228,175.228,181.675,175.208
29/11/2021,178.079,178.079,179.800,176.575
30/11/2021,175.354,175.354,179.288,174.600
01/12/2021,172.186,172.186,177.994,172.080
02/12/2021,171.868,171.868,174.635,171.188
03/12/2021,169.490,169.490,173.493,166.930
06/12/2021,171.368,171.368,173.695,166.934
07/12/2021,176.165,176.165,177.499,173.335
08/12/2021,176.158,176.158,177.180,174.751
09/12/2021,174.171,174.171,176.969,174.139
10/12/2021,172.212,172.212,175.927,170.500
13/12/2021,169.568,169.568,172.100,169.130
14/12/2021,169.092,169.092,169.499,166.440
15/12/2021,173.315,173.315,173.600,165.195
16/12/2021,168.871,168.871,174.166,168.161
17/12/2021,170.018,170.018,170.898,165.613
20/12/2021,167.079,167.079,167.874,165.600
21/12/2021,170.417,170.417,170.717,165.648
22/12/2021,171.037,171.037,172.050,168.501
23/12/2021,171.068,171.068,171.975,170.150
27/12/2021,169.669,169.669,172.943,169.215
28/12/2021,170.661,170.661,172.176,169.135
29/12/2021,169.201,169.201,171.212,168.600
30/12/2021,168.645,168.645,170.888,168.524
31/12/2021,166.717,166.717,169.350,166.559
03/01/2022,170.404,170.404,170.704,166.161
04/01/2022,167.522,167.522,171.400,166.350
05/01/2022,164.357,164.357,167.126,164.357
06/01/2022,163.254,163.254,164.800,161.937
07/01/2022,162.554,162.554,165.243,162.031
10/01/2022,161.486,161.486,161.661,156.305
11/01/2022,165.362,165.362,166.350,160.702
12/01/2022,165.207,165.207,166.878,164.417
13/01/2022,161.214,161.214,166.221,161.091
14/01/2022,162.138,162.138,162.250,159.801
18/01/2022,158.917,158.917,159.734,157.665
19/01/2022,156.299,156.299,159.250,156.250
20/01/2022,151.667,151.667,158.000,151.351
21/01/2022,142.643,142.643,150.900,142.070
24/01/2022,144.544,144.544,144.945,135.352
25/01/2022,139.986,139.986,143.600,138.145
26/01/2022,138.872,138.872,145.185,137.318
27/01/2022,139.637,139.637,144.243,139.350
28/01/2022,143.978,143.978,143.998,137.930
31/01/2022,149.574,149.574,150.361,144.301
01/02/2022,151.193,151.193,151.708,147.628
02/02/2022,150.613,150.613,155.075,148.863
03/02/2022,138.846,138.846,144.247,138.333
04/02/2022,157.639,157.639,161.200,150.608
07/02/2022,157.936,157.936,162.691,157.250
08/02/2022,161.413,161.413,161.792,155.551
09/02/2022,161.189,161.189,163.835,160.250
10/02/2022,159.003,159.003,160.717,157.750
11/02/2022,153.294,153.294,159.000,152.734
14/02/2022,155.167,155.167,158.449,151.650
15/02/2022,156.510,156.510,158.007,154.637
16/02/2022,158.100,158.100,158.834,154.734
17/02/2022,154.652,154.652,160.349,154.500
18/02/2022,152.602,152.602,155.499,150.893
22/02/2022,150.197,150.197,152.982,148.486
23/02/2022,144.827,144.827,151.763,144.651
24/02/2022,151.358,151.358,151.749,139.500
25/02/2022,153.788,153.788,153.990,149.214
28/02/2022,153.563,153.563,154.450,150.850
01/03/2022,151.142,151.142,154.099,149.977
02/03/2022,152.053,152.053,152.999,148.750
03/03/2022,147.898,147.898,153.929,146.856
04/03/2022,145.641,145.641,147.850,143.807
07/03/2022,137.453,137.453,146.094,137.417
08/03/2022,136.014,136.014,140.699,133.572
09/03/2022,139.279,139.279,140.250,136.828
10/03/2022,146.818,146.818,148.674,143.978
11/03/2022,145.525,145.525,149.675,145.369
14/03/2022,141.853,141.853,147.450,140.884
15/03/2022,147.367,147.367,147.985,142.000
16/03/2022,153.104,153.104,153.150,147.354
17/03/2022,157.239,157.239,157.499,152.140
18/03/2022,161.251,161.251,161.594,156.011
21/03/2022,161.492,161.492,163.084,159.553
22/03/2022,164.889,164.889,166.167,161.699
23/03/2022,163.408,163.408,166.370,162.687
24/03/2022,163.650,163.650,164.118,160.050
25/03/2022,164.773,164.773,165.368,162.250
28/03/2022,168.990,168.990,169.038,164.900
29/03/2022,169.315,169.315,170.831,167.868
30/03/2022,166.301,166.301,168.951,165.500
31/03/2022,162.997,162.997,166.495,162.954
01/04/2022,163.560,163.560,165.827,162.320
04/04/2022,168.346,168.346,168.395,163.206
05/04/2022,164.055,164.055,168.111,163.266
06/04/2022,158.756,158.756,162.200,157.255
07/04/2022,157.785,157.785,160.079,154.512
08/04/2022,154.460,154.460,157.368,154.231
11/04/2022,151.122,151.122,154.137,150.535
12/04/2022,150.788,150.788,155.099,150.383
13/04/2022,155.541,155.541,156.025,149.600
14/04/2022,151.706,151.706,155.897,151.472
18/04/2022,152.785,152.785,154.040,150.251
19/04/2022,158.115,158.115,158.649,151.551
20/04/2022,153.998,153.998,157.602,153.604
21/04/2022,148.296,148.296,156.738,147.589
22/04/2022,144.350,144.350,149.615,143.697
25/04/2022,146.074,146.074,146.221,142.307
26/04/2022,139.391,139.391,144.856,138.930
27/04/2022,138.167,138.167,141.949,135.783
28/04/2022,144.596,144.596,145.938,140.300
29/04/2022,124.282,124.282,130.761,121.625
02/05/2022,124.500,124.500,124.668,118.375
03/05/2022,124.254,124.254,126.220,122.825
04/05/2022,125.928,125.928,126.000,119.183
05/05/2022,116.407,116.407,123.499,115.073
06/05/2022,114.772,114.772,119.050,113.081
09/05/2022,108.789,108.789,114.000,107.957
10/05/2022,108.859,108.859,112.643,107.171
11/05/2022,105.372,105.372,110.156,104.428
12/05/2022,106.930,106.930,110.781,102.406
13/05/2022,113.055,113.055,113.184,107.800
16/05/2022,110.811,110.811,113.993,110.354
17/05/2022,115.368,115.368,115.800,111.276
18/05/2022,107.113,107.113,112.853,106.249
19/05/2022,107.319,107.319,110.034,106.193
20/05/2022,107.591,107.591,109.898,105.009
23/05/2022,107.557,107.557,108.819,103.950
24/05/2022,104.100,104.100,105.400,101.260
25/05/2022,106.775,106.775,108.175,103.650
26/05/2022,111.077,111.077,112.665,107.453
27/05/2022,115.146,115.146,115.187,112.628
31/05/2022,120.210,120.210,121.994,115.675
01/06/2022,121.684,121.684,125.179,120.622
02/06/2022,125.511,125.511,125.610,120.045
03/06/2022,122.350,122.350,124.400,121.047
06/06/2022,124.790,124.790,128.990,123.810
07/06/2022,123.000,123.000,124.100,120.630
08/06/2022,121.180,121.180,123.750,120.750
09/06/2022,116.150,116.150,121.300,116.100
10/06/2022,109.650,109.650,114.500,109.050
13/06/2022,103.670,103.670,106.540,101.860
14/06/2022,102.310,102.310,104.880,101.430
15/06/2022,107.670,107.670,109.060,103.530
16/06/2022,103.660,103.660,104.580,102.010
17/06/2022,106.220,106.220,106.980,102.510
21/06/2022,108.680,108.680,111.630,103.560
22/06/2022,108.950,108.950,112.130,107.020
23/06/2022,112.440,112.440,113.000,107.930
24/06/2022,116.460,116.460,116.710,111.430
27/06/2022,113.220,113.220,117.980,112.700
28/06/2022,107.400,107.400,114.850,107.040
29/06/2022,108.920,108.920,110.990,106.910
30/06/2022,106.210,106.210,108.180,102.520
01/07/2022,109.560,109.560,109.750,105.850
05/07/2022,113.500,113.500,114.080,106.320
06/07/2022,114.330,114.330,115.480,112.010
07/07/2022,116.330,116.330,116.990,113.490
08/07/2022,115.540,115.540,116.580,113.690
11/07/2022,111.750,111.750,114.300,110.870
12/07/2022,109.220,109.220,113.230,108.340
13/07/2022,110.400,110.400,111.780,106.010
14/07/2022,110.630,110.630,111.180,107.580
15/07/2022,113.550,113.550,115.590,111.590
18/07/2022,113.760,113.760,117.240,113.150
19/07/2022,118.210,118.210,118.950,114.030
20/07/2022,122.770,122.770,123.480,118.320
21/07/2022,124.630,124.630,124.850,121.260
22/07/2022,122.420,122.420,125.500,121.350
25/07/2022,121.140,121.140,123.640,120.030
26/07/2022,114.810,114.810,118.150,114.530
27/07/2022,120.970,120.970,121.900,117.160
28/07/2022,122.280,122.280,122.840,118.080
29/07/2022,134.950,134.950,137.650,132.410
01/08/2022,135.390,135.390,138.830,133.510
02/08/2022,134.160,134.160,137.440,134.090
03/08/2022,139.520,139.520,140.490,136.050
04/08/2022,142.570,142.570,143.560,139.550
05/08/2022,140.800,140.800,142.860,139.600
08/08/2022,139.410,139.410,144.230,138.290
09/08/2022,137.830,137.830,138.950,136.210
10/08/2022,142.690,142.690,144.600,141.010
11/08/2022,140.640,140.640,144.490,139.760
12/08/2022,143.550,143.550,143.570,140.120
15/08/2022,143.180,143.180,143.760,141.490
16/08/2022,144.780,144.780,146.570,142.000
17/08/2022,142.100,142.100,143.380,140.780
18/08/2022,142.300,142.300,142.770,140.380
19/08/2022,138.230,138.230,141.110,137.910
22/08/2022,133.220,133.220,136.320,132.850
23/08/2022,133.620,133.620,134.990,132.950
24/08/2022,133.800,133.800,135.470,132.100
25/08/2022,137.280,137.280,137.420,134.280
26/08/2022,130.750,130.750,137.830,130.500
29/08/2022,129.790,129.790,131.950,128.770
30/08/2022,128.730,128.730,132.070,126.850
31/08/2022,126.770,126.770,130.590,126.740
01/09/2022,127.820,127.820,128.020,123.660
02/09/2022,127.510,127.510,131.380,126.390
06/09/2022,126.110,126.110,128.620,124.740
07/09/2022,129.480,129.480,129.820,125.400
08/09/2022,129.820,129.820,130.280,127.100
09/09/2022,133.270,133.270,133.690,130.760
12/09/2022,136.450,136.450,136.490,134.000
13/09/2022,126.820,126.820,131.400,126.270
14/09/2022,128.550,128.550,128.840,126.330
15/09/2022,126.280,126.280,130.370,125.500
16/09/2022,123.530,123.530,123.870,120.700
19/09/2022,124.660,124.660,124.710,121.800
20/09/2022,122.190,122.190,124.400,121.140
21/09/2022,118.540,118.540,123.760,118.450
22/09/2022,117.310,117.310,118.790,116.260
23/09/2022,113.780,113.780,116.050,112.060
26/09/2022,115.150,115.150,117.340,113.130
27/09/2022,114.410,114.410,118.320,113.050
28/09/2022,118.010,118.010,118.700,113.800
29/09/2022,114.800,114.800,116.070,113.060
30/09/2022,113.000,113.000,116.920,112.840
03/10/2022,115.880,115.880,116.910,112.450
04/10/2022,121.090,121.090,123.000,119.790
05/10/2022,120.950,120.950,121.750,117.690
06/10/2022,120.300,120.300,121.530,119.500
07/10/2022,114.560,114.560,118.170,113.880
10/10/2022,113.670,113.670,116.250,112.430
11/10/2022,112.210,112.210,115.480,110.390
12/10/2022,112.900,112.900,113.830,111.400
13/10/2022,112.530,112.530,113.440,105.350
14/10/2022,106.900,106.900,114.960,106.600
17/10/2022,113.790,113.790,114.190,110.090
18/10/2022,116.360,116.360,119.520,114.790
19/10/2022,115.070,115.070,116.590,113.220
20/10/2022,115.250,115.250,118.240,113.510
21/10/2022,119.320,119.320,119.590,114.500
24/10/2022,119.820,119.820,120.390,116.570
25/10/2022,120.600,120.600,121.320,118.950
26/10/2022,115.660,115.660,119.350,114.760
27/10/2022,110.960,110.960,114.120,109.770
28/10/2022,103.410,103.410,103.960,97.660
31/10/2022,102.440,102.440,104.870,100.740
01/11/2022,96.790,96.790,104.580,96.060
02/11/2022,92.120,92.120,97.740,92.010
03/11/2022,89.300,89.300,93.500,89.020
04/11/2022,90.980,90.980,92.440,88.040
07/11/2022,90.530,90.530,92.100,89.040
08/11/2022,89.980,89.980,91.720,88.230
09/11/2022,86.140,86.140,89.480,85.870
10/11/2022,96.630,96.630,98.690,91.650
11/11/2022,100.790,100.790,101.190,96.660
14/11/2022,98.490,98.490,100.120,97.290
15/11/2022,98.940,98.940,103.790,97.340
16/11/2022,97.120,97.120,98.490,95.540
17/11/2022,94.850,94.850,96.970,94.030
18/11/2022,94.140,94.140,95.990,92.480
21/11/2022,92.460,92.460,95.020,90.590
22/11/2022,93.200,93.200,93.350,90.870
23/11/2022,94.130,94.130,94.580,92.830
25/11/2022,93.410,93.410,94.430,93.070
28/11/2022,93.950,93.950,96.400,93.430
29/11/2022,92.420,92.420,94.410,91.440
30/11/2022,96.540,96.540,96.540,91.530
01/12/2022,95.500,95.500,97.230,94.920
02/12/2022,94.130,94.130,95.360,93.780
05/12/2022,91.010,91.010,94.060,90.820
06/12/2022,88.250,88.250,91.040,87.900
07/12/2022,88.460,88.460,89.890,87.480
08/12/2022,90.350,90.350,90.860,87.880
09/12/2022,89.090,89.090,90.300,88.630
12/12/2022,90.550,90.550,90.580,87.870
13/12/2022,92.490,92.490,96.250,90.520
14/12/2022,91.580,91.580,93.460,89.870
15/12/2022,88.450,88.450,89.970,87.470
16/12/2022,87.860,87.860,89.350,86.730
19/12/2022,84.920,84.920,87.630,84.510
20/12/2022,85.190,85.190,86.610,84.330
21/12/2022,86.770,86.770,87.230,85.210
22/12/2022,83.790,83.790,85.680,82.250
23/12/2022,85.250,85.250,85.780,82.930
27/12/2022,83.040,83.040,85.350,83.000
28/12/2022,81.820,81.820,83.480,81.690
29/12/2022,84.180,84.180,84.550,82.550
30/12/2022,84.000,84.000,84.050,82.470
03/01/2023,85.820,85.820,86.960,84.210
04/01/2023,85.140,85.140,86.980,83.360
05/01/2023,83.120,83.120,85.420,83.070
06/01/2023,86.080,86.080,86.400,81.430
09/01/2023,87.360,87.360,89.480,87.080
10/01/2023,89.870,89.870,90.190,87.290
11/01/2023,95.090,95.090,95.260,90.930
12/01/2023,95.270,95.270,97.190,93.500
13/01/2023,98.120,98.120,98.370,94.120
17/01/2023,96.050,96.050,98.890,95.730
18/01/2023,95.460,95.460,99.320,95.380
19/01/2023,93.680,93.680,95.440,92.860
20/01/2023,97.250,97.250,97.350,93.200
23/01/2023,97.520,97.520,97.780,95.860
24/01/2023,96.320,96.320,98.090,96.000
25/01/2023,97.180,97.180,97.240,91.520
26/01/2023,99.220,99.220,99.490,96.920
27/01/2023,102.240,102.240,103.490,99.530
30/01/2023,100.550,100.550,101.740,99.010
31/01/2023,103.130,103.130,103.350,101.140
01/02/2023,105.150,105.150,106.240,101.240
02/02/2023,112.910,112.910,114.000,108.880
03/02/2023,103.390,103.390,108.780,102.520
06/02/2023,102.180,102.180,103.950,100.650
07/02/2023,102.110,102.110,102.410,98.080
08/02/2023,100.050,100.050,102.670,98.780
09/02/2023,98.240,98.240,101.780,97.570
10/02/2023,97.610,97.610,98.820,96.230
13/02/2023,99.540,99.540,99.680,96.910
14/02/2023,99.700,99.700,100.920,97.520
15/02/2023,101.160,101.160,101.170,98.450
16/02/2023,98.150,98.150,100.630,98.100
17/02/2023,97.200,97.200,97.940,95.650
21/02/2023,94.580,94.580,95.610,94.270
22/02/2023,95.790,95.790,97.010,94.800
23/02/2023,95.820,95.820,96.430,93.670
24/02/2023,93.500,93.500,94.140,92.320
27/02/2023,93.760,93.760,94.780,93.140
28/02/2023,94.230,94.230,94.690,92.920
01/03/2023,92.170,92.170,94.680,91.590
02/03/2023,92.130,92.130,92.230,90.390
03/03/2023,94.900,94.900,94.940,92.660
06/03/2023,93.750,93.750,96.550,93.740
07/03/2023,93.550,93.550,95.090,92.780
08/03/2023,93.920,93.920,94.170,92.180
09/03/2023,92.250,92.250,96.210,92.180
10/03/2023,90.730,90.730,93.570,90.250
13/03/2023,92.430,92.430,94.020,88.120
14/03/2023,94.880,94.880,95.070,92.710
15/03/2023,96.200,96.200,96.670,93.070
16/03/2023,100.040,100.040,100.990,95.610
17/03/2023,98.950,98.950,100.660,97.460
20/03/2023,97.710,97.710,98.480,95.700
21/03/2023,100.610,100.610,100.850,98.000
22/03/2023,98.700,98.700,102.100,98.610
23/03/2023,98.710,98.710,101.060,97.620
24/03/2023,98.130,98.130,98.300,96.400
27/03/2023,98.040,98.040,99.340,97.080
28/03/2023,97.240,97.240,98.440,96.290
29/03/2023,100.250,100.250,100.420,98.560
30/03/2023,102.000,102.000,103.040,101.010
31/03/2023,103.290,103.290,103.490,101.950
03/04/2023,102.410,102.410,103.290,101.430
04/04/2023,103.950,103.950,104.200,102.110
05/04/2023,101.100,101.100,103.910,100.750
06/04/2023,102.060,102.060,102.380,99.800
10/04/2023,102.170,102.170,102.200,99.570
11/04/2023,99.920,99.920,101.000,99.010
12/04/2023,97.830,97.830,100.510,97.710
13/04/2023,102.400,102.400,102.570,98.710
14/04/2023,102.510,102.510,103.200,101.110
17/04/2023,102.740,102.740,103.730,101.590
18/04/2023,102.300,102.300,104.200,101.520
19/04/2023,104.300,104.300,105.120,101.390
20/04/2023,103.810,103.810,105.250,103.210
21/04/2023,106.960,106.960,108.150,105.080
24/04/2023,106.210,106.210,109.230,105.070
25/04/2023,102.570,102.570,105.450,102.450
26/04/2023,104.980,104.980,106.620,104.100
27/04/2023,109.820,109.820,110.860,106.800
28/04/2023,105.450,105.450,109.480,104.330
01/05/2023,102.050,102.050,105.230,101.820
02/05/2023,103.630,103.630,103.900,101.150
03/05/2023,103.650,103.650,105.960,103.280
04/05/2023,104.000,104.000,105.390,103.310
05/05/2023,105.660,105.660,105.760,103.550
08/05/2023,105.830,105.830,106.100,104.700
09/05/2023,106.620,106.620,106.790,105.160
10/05/2023,110.190,110.190,110.670,108.050
11/05/2023,112.180,112.180,113.280,110.490
12/05/2023,110.260,110.260,112.640,109.320
15/05/2023,111.200,111.200,112.290,109.250
16/05/2023,113.400,113.400,114.790,111.050
17/05/2023,115.500,115.500,115.830,114.220
18/05/2023,118.150,118.150,118.600,116.340
19/05/2023,116.250,116.250,118.310,115.700
22/05/2023,115.010,115.010,116.770,114.250
23/05/2023,114.990,114.990,117.140,113.780
24/05/2023,116.750,116.750,117.340,115.020
25/05/2023,115.000,115.000,116.870,114.310
26/05/2023,120.110,120.110,121.500,116.020
30/05/2023,121.660,121.660,122.920,119.860
31/05/2023,120.580,120.580,122.040,119.170
01/06/2023,122.770,122.770,123.490,119.930
02/06/2023,124.250,124.250,126.390,124.020
05/06/2023,125.300,125.300,125.800,123.030
06/06/2023,126.610,126.610,127.400,125.000
07/06/2023,121.230,121.230,127.370,120.630
08/06/2023,124.250,124.250,125.630,122.260
09/06/2023,123.430,123.430,125.800,123.190
12/06/2023,126.570,126.570,126.780,123.530
13/06/2023,126.660,126.660,128.410,125.180
14/06/2023,126.420,126.420,126.950,124.120
15/06/2023,127.110,127.110,127.690,124.320
16/06/2023,125.490,125.490,127.900,125.300
20/06/2023,125.780,125.780,127.250,124.500
21/06/2023,124.830,124.830,126.730,123.850
22/06/2023,130.150,130.150,130.330,125.140
23/06/2023,129.330,129.330,130.840,128.280
26/06/2023,127.330,127.330,131.490,127.100
27/06/2023,129.180,129.180,130.090,127.550
28/06/2023,129.040,129.040,131.480,128.440
29/06/2023,127.900,127.900,129.260,127.260
30/06/2023,130.360,130.360,131.250,128.950
03/07/2023,130.220,130.220,131.850,130.070
05/07/2023,130.380,130.380,131.400,129.640
06/07/2023,128.360,128.360,128.730,127.370
07/07/2023,129.780,129.780,130.970,128.130
10/07/2023,127.130,127.130,129.280,125.920
11/07/2023,128.780,128.780,129.770,127.350
12/07/2023,130.800,130.800,131.260,128.830
13/07/2023,134.300,134.300,134.670,132.710
14/07/2023,134.680,134.680,136.650,134.060
17/07/2023,133.560,133.560,135.620,133.210
18/07/2023,132.830,132.830,133.860,131.350
19/07/2023,135.360,135.360,135.990,132.530
20/07/2023,129.960,129.960,134.790,129.330
21/07/2023,130.000,130.000,131.370,128.420
24/07/2023,128.800,128.800,131.660,128.350
25/07/2023,129.130,129.130,129.580,128.530
26/07/2023,128.150,128.150,129.080,126.110
27/07/2023,128.250,128.250,132.630,127.790
28/07/2023,132.210,132.210,133.010,129.330
31/07/2023,133.680,133.680,133.870,132.380
01/08/2023,131.690,131.690,133.690,131.620
02/08/2023,128.210,128.210,130.230,126.820
03/08/2023,128.910,128.910,129.840,126.410
04/08/2023,139.570,139.570,143.630,139.320
07/08/2023,142.220,142.220,142.540,138.950
08/08/2023,139.940,139.940,140.840,138.420
09/08/2023,137.850,137.850,140.320,137.100
10/08/2023,138.560,138.560,140.410,137.490
11/08/2023,138.410,138.410,139.330,137.000
14/08/2023,140.570,140.570,140.590,137.750
15/08/2023,137.670,137.670,141.280,137.230
16/08/2023,135.070,135.070,137.270,135.010
17/08/2023,133.980,133.980,136.090,133.530
18/08/2023,133.220,133.220,134.070,131.150
21/08/2023,134.680,134.680,135.190,132.710
22/08/2023,134.250,134.250,135.650,133.730
23/08/2023,135.520,135.520,135.950,133.220
24/08/2023,131.840,131.840,136.780,131.830
25/08/2023,133.260,133.260,133.870,130.580
28/08/2023,133.140,133.140,133.950,131.850
29/08/2023,134.910,134.910,135.140,133.250
30/08/2023,135.070,135.070,135.680,133.920
31/08/2023,138.010,138.010,138.790,135.000
01/09/2023,138.120,138.120,139.960,136.880
05/09/2023,137.270,137.270,137.800,135.820
06/09/2023,135.360,135.360,137.450,134.610
07/09/2023,137.850,137.850,138.030,133.160
08/09/2023,138.230,138.230,138.850,136.750
11/09/2023,143.100,143.100,143.620,138.640
12/09/2023,141.230,141.230,143.000,140.610
13/09/2023,144.850,144.850,144.980,140.870
14/09/2023,144.720,144.720,145.860,142.950
15/09/2023,140.390,140.390,143.570,140.090
18/09/2023,139.980,139.980,141.750,139.220
19/09/2023,137.630,137.630,138.840,135.560
20/09/2023,135.290,135.290,139.370,135.200
21/09/2023,129.330,129.330,132.240,129.310
22/09/2023,129.120,129.120,132.030,128.520
25/09/2023,131.270,131.270,131.780,128.770
26/09/2023,125.980,125.980,130.390,125.280
27/09/2023,125.980,125.980,127.480,124.130
28/09/2023,125.980,125.980,126.580,123.040
29/09/2023,127.120,127.120,129.150,126.320
02/10/2023,129.460,129.460,130.470,126.540
03/10/2023,124.720,124.720,128.520,124.250
04/10/2023,127.000,127.000,127.360,125.680
05/10/2023,125.960,125.960,126.730,124.330
06/10/2023,127.960,127.960,128.450,124.130
09/10/2023,128.260,128.260,128.790,124.760
10/10/2023,129.480,129.480,130.740,128.050
11/10/2023,131.830,131.830,132.050,129.610
12/10/2023,132.330,132.330,134.480,131.230
13/10/2023,129.790,129.790,133.310,128.950
16/10/2023,132.550,132.550,133.070,130.430
17/10/2023,131.470,131.470,132.580,128.710
18/10/2023,128.130,128.130,130.670,127.510
19/10/2023,128.400,128.400,132.240,127.470
20/10/2023,125.170,125.170,128.170,124.970
23/10/2023,126.560,126.560,127.880,123.980
24/10/2023,128.560,128.560,128.800,126.340
25/10/2023,121.390,121.390,126.340,120.790
26/10/2023,119.570,119.570,121.640,118.350
27/10/2023,127.740,127.740,130.020,125.520
30/10/2023,132.710,132.710,133.000,128.560
31/10/2023,133.090,133.090,133.570,131.710
01/11/2023,137.000,137.000,137.350,133.710
02/11/2023,138.070,138.070,138.810,136.470
03/11/2023,138.600,138.600,139.490,137.450
06/11/2023,139.740,139.740,140.730,138.360
07/11/2023,142.710,142.710,143.370,140.500
08/11/2023,142.080,142.080,143.120,141.220
09/11/2023,140.600,140.600,142.650,139.840
10/11/2023,143.560,143.560,143.650,139.910
13/11/2023,142.590,142.590,143.230,140.670
14/11/2023,145.800,145.800,147.260,144.680
15/11/2023,143.200,143.200,147.290,142.590
16/11/2023,142.830,142.830,143.320,139.520
17/11/2023,145.180,145.180,145.230,142.540
20/11/2023,146.130,146.130,146.630,144.730
21/11/2023,143.900,143.900,144.050,141.500
22/11/2023,146.710,146.710,147.740,144.570
24/11/2023,146.740,146.740,147.200,145.320
27/11/2023,147.730,147.730,149.260,146.880
28/11/2023,147.030,147.030,147.600,145.530
29/11/2023,146.320,146.320,148.540,145.970
30/11/2023,146.090,146.090,146.930,144.330
01/12/2023,147.030,147.030,147.250,145.550
04/12/2023,144.840,144.840,145.350,142.810
05/12/2023,146.880,146.880,148.570,143.130
06/12/2023,144.520,144.520,147.850,144.280
07/12/2023,146.880,146.880,147.920,145.340
08/12/2023,147.420,147.420,147.840,145.400
11/12/2023,145.890,145.890,146.190,143.640
12/12/2023,147.480,147.480,147.500,145.300
13/12/2023,148.840,148.840,149.460,146.820
14/12/2023,147.420,147.420,150.540,145.520
15/12/2023,149.970,149.970,150.570,147.880
18/12/2023,154.070,154.070,154.850,150.050
19/12/2023,153.790,153.790,155.120,152.690
20/12/2023,152.120,152.120,155.630,151.560
21/12/2023,153.840,153.840,153.970,152.100
22/12/2023,153.420,153.420,154.350,152.710
26/12/2023,153.410,153.410,153.980,153.030
27/12/2023,153.340,153.340,154.780,153.120
28/12/2023,153.380,153.380,154.080,152.950
29/12/2023,151.940,151.940,153.890,151.030
02/01/2024,149.930,149.930,152.380,148.390
03/01/2024,148.470,148.470,151.050,148.330
04/01/2024,144.570,144.570,147.380,144.050
05/01/2024,145.240,145.240,146.590,144.530
08/01/2024,149.100,149.100,149.400,146.150
09/01/2024,151.370,151.370,151.710,148.210
10/01/2024,153.730,153.730,154.420,151.880
11/01/2024,155.180,155.180,157.170,153.120
12/01/2024,154.620,154.620,156.200,154.010
16/01/2024,153.160,153.160,154.990,152.150
17/01/2024,151.710,151.710,152.150,149.910
18/01/2024,153.500,153.500,153.780,151.820
19/01/2024,155.340,155.340,155.760,152.740
22/01/2024,154.780,154.780,157.050,153.900
23/01/2024,156.020,156.020,156.210,153.930
24/01/2024,156.870,156.870,158.510,156.480
25/01/2024,157.750,157.750,158.510,154.550
26/01/2024,159.120,159.120,160.720,157.910
29/01/2024,161.260,161.260,161.290,158.900
30/01/2024,159.000,159.000,161.730,158.490
31/01/2024,155.200,155.200,159.010,154.810
01/02/2024,159.280,159.280,159.760,155.620
02/02/2024,171.810,171.810,172.500,167.330
05/02/2024,170.310,170.310,170.550,167.700
06/02/2024,169.150,169.150,170.710,167.650
07/02/2024,170.530,170.530,170.880,168.940
08/02/2024,169.840,169.840,171.430,168.880
09/02/2024,174.450,174.450,175.000,170.580
12/02/2024,172.340,172.340,175.390,171.540
13/02/2024,168.640,168.640,170.950,165.750
14/02/2024,170.980,170.980,171.210,168.280
15/02/2024,169.800,169.800,171.170,167.590
16/02/2024,169.510,169.510,170.420,167.170
20/02/2024,167.080,167.080,168.710,165.740
21/02/2024,168.590,168.590,170.230,167.140
22/02/2024,174.580,174.580,174.800,171.770
23/02/2024,174.990,174.990,175.750,173.700
26/02/2024,174.730,174.730,176.370,174.260
27/02/2024,173.540,173.540,174.620,172.860
28/02/2024,173.160,173.160,174.050,172.270
29/02/2024,176.760,176.760,177.220,172.850
01/03/2024,178.220,178.220,178.730,176.070
04/03/2024,177.580,177.580,180.140,177.490
05/03/2024,174.120,174.120,176.930,173.300
06/03/2024,173.510,173.510,176.460,173.260
07/03/2024,176.820,176.820,177.990,173.720
08/03/2024,175.350,175.350,178.790,174.330
11/03/2024,171.960,171.960,174.470,171.470
12/03/2024,175.390,175.390,176.760,171.980
13/03/2024,176.560,176.560,177.620,175.550
14/03/2024,178.750,178.750,179.530,176.470
15/03/2024,174.420,174.420,177.930,173.900
18/03/2024,174.480,174.480,176.690,174.280
19/03/2024,175.900,175.900,176.090,173.520
20/03/2024,178.150,178.150,178.530,174.640
21/03/2024,178.150,178.150,181.420,178.150
22/03/2024,178.870,178.870,179.260,176.750
25/03/2024,179.710,179.710,180.990,177.240
26/03/2024,178.300,178.300,180.450,177.950
27/03/2024,179.830,179.830,180.000,177.310
28/03/2024,180.380,180.380,181.700,179.260
01/04/2024,180.970,180.970,183.000,179.950
02/04/2024,180.690,180.690,180.790,178.380
03/04/2024,182.410,182.410,182.870,179.800
04/04/2024,180.000,180.000,185.100,180.000
05/04/2024,185.070,185.070,186.270,181.970
08/04/2024,185.190,185.190,187.290,184.810
09/04/2024,185.670,185.670,187.340,184.200
10/04/2024,185.950,185.950,186.270,182.670
11/04/2024,189.050,189.050,189.770,185.510
12/04/2024,186.130,186.130,188.380,185.080
15/04/2024,183.620,183.620,188.690,183.000
16/04/2024,183.320,183.320,184.830,182.260
17/04/2024,181.280,181.280,184.570,179.820
18/04/2024,179.220,179.220,182.390,178.650
19/04/2024,174.630,174.630,179.000,173.440
22/04/2024,177.230,177.230,178.870,174.560
23/04/2024,179.540,179.540,179.930,175.980
24/04/2024,176.590,176.590,180.320,176.180
25/04/2024,173.670,173.670,173.920,166.320
26/04/2024,179.620,179.620,180.820,176.130
29/04/2024,180.960,180.960,183.530,179.390
30/04/2024,175.000,175.000,182.990,174.800
01/05/2024,179.000,179.000,185.150,176.560
02/05/2024,184.720,184.720,185.100,179.910
03/05/2024,186.210,186.210,187.870,185.420
06/05/2024,188.700,188.700,188.750,184.800
07/05/2024,188.760,188.760,189.940,187.310
08/05/2024,188.000,188.000,188.430,186.390
09/05/2024,189.500,189.500,191.700,187.440
10/05/2024,187.480,187.480,189.890,186.930
13/05/2024,186.570,186.570,188.310,185.360
14/05/2024,187.070,187.070,187.720,183.450
15/05/2024,185.990,185.990,186.720,182.730
16/05/2024,183.630,183.630,187.310,183.460
17/05/2024,184.700,184.700,185.300,183.350
20/05/2024,183.540,183.540,186.670,183.280
21/05/2024,183.150,183.150,183.260,180.750
22/05/2024,183.130,183.130,185.220,181.970
23/05/2024,181.050,181.050,184.760,180.080
24/05/2024,180.750,180.750,182.440,180.300
28/05/2024,182.150,182.150,182.240,179.490
29/05/2024,182.020,182.020,184.080,181.550
30/05/2024,179.320,179.320,181.340,178.360
31/05/2024,176.440,176.440,179.210,173.870
03/06/2024,178.340,178.340,178.700,175.920
04/06/2024,179.340,179.340,179.820,176.440
05/06/2024,181.280,181.280,181.500,178.750
06/06/2024,185.000,185.000,185.000,181.490
07/06/2024,184.300,184.300,186.290,183.360
10/06/2024,187.060,187.060,187.230,183.790
11/06/2024,187.230,187.230,187.770,184.540
12/06/2024,186.890,186.890,188.350,185.430
13/06/2024,183.830,183.830,187.670,182.670
14/06/2024,183.660,183.660,183.720,182.230
17/06/2024,184.060,184.060,185.000,181.220
18/06/2024,182.810,182.810,184.290,181.430
20/06/2024,186.100,186.100,186.510,182.720
21/06/2024,189.080,189.080,189.280,185.860
24/06/2024,185.570,185.570,191.000,185.330
25/06/2024,186.340,186.340,188.840,185.420
26/06/2024,193.610,193.610,194.800,186.260
27/06/2024,197.850,197.850,199.840,194.200
28/06/2024,193.250,193.250,198.850,192.500
01/07/2024,197.200,197.200,198.300,192.820
02/07/2024,200.000,200.000,200.430,195.930
03/07/2024,197.590,197.590,200.030,196.760
05/07/2024,200.000,200.000,200.550,198.170
08/07/2024,199.290,199.290,201.200,197.960
09/07/2024,199.340,199.340,200.570,199.050
10/07/2024,199.790,199.790,200.110,197.690
11/07/2024,195.050,195.050,200.270,192.860
12/07/2024,194.490,194.490,196.470,193.830
15/07/2024,192.720,192.720,196.190,190.830
16/07/2024,193.020,193.020,196.620,192.240
17/07/2024,187.930,187.930,191.580,185.990
18/07/2024,183.750,183.750,189.680,181.450
19/07/2024,183.130,183.130,184.930,180.110
22/07/2024,182.550,182.550,185.060,182.480
23/07/2024,186.410,186.410,189.390,183.560
24/07/2024,180.830,180.830,185.450,180.410
25/07/2024,179.850,179.850,183.900,176.800
26/07/2024,182.500,182.500,183.190,180.240
29/07/2024,183.200,183.200,184.750,182.380
30/07/2024,181.710,181.710,185.860,179.380
31/07/2024,186.980,186.980,187.940,184.460
01/08/2024,184.070,184.070,190.600,181.870
02/08/2024,167.900,167.900,168.770,160.550
05/08/2024,161.020,161.020,162.960,151.610
06/08/2024,161.930,161.930,165.080,158.540
07/08/2024,162.770,162.770,167.580,161.430
08/08/2024,165.800,165.800,166.690,162.550
09/08/2024,166.940,166.940,168.550,165.850
12/08/2024,166.800,166.800,168.550,166.110
13/08/2024,170.230,170.230,171.040,167.100
14/08/2024,170.100,170.100,172.280,168.860
15/08/2024,177.590,177.590,177.910,173.990
16/08/2024,177.060,177.060,178.340,176.260
19/08/2024,178.220,178.220,178.300,176.160
20/08/2024,178.880,178.880,179.010,177.430
21/08/2024,180.110,180.110,182.390,178.890
22/08/2024,176.130,176.130,181.470,175.680
23/08/2024,177.040,177.040,178.970,175.240
26/08/2024,175.500,175.500,177.470,174.300
27/08/2024,173.120,173.120,174.890,172.250
28/08/2024,170.800,170.800,173.690,168.920
29/08/2024,172.120,172.120,174.290,170.810
30/08/2024,178.500,178.500,178.900,172.600
03/09/2024,176.250,176.250,178.260,175.260
04/09/2024,173.330,173.330,175.980,172.540
05/09/2024,177.890,177.890,179.880,175.000
06/09/2024,171.390,171.390,178.380,171.160
09/09/2024,175.400,175.400,175.850,173.510
10/09/2024,179.550,179.550,180.500,176.790
11/09/2024,184.520,184.520,184.990,175.730
12/09/2024,187.000,187.000,187.410,183.540
13/09/2024,186.490,186.490,188.500,185.910
16/09/2024,184.890,184.890,185.810,183.360
17/09/2024,186.880,186.880,189.450,186.140
18/09/2024,186.430,186.430,188.800,185.060
19/09/2024,189.870,189.870,190.990,188.470
20/09/2024,191.600,191.600,191.840,187.410
23/09/2024,193.880,193.880,194.450,190.570
24/09/2024,193.960,193.960,195.370,190.130
25/09/2024,192.530,192.530,193.950,192.160
26/09/2024,191.160,191.160,194.530,189.540
27/09/2024,187.970,187.970,190.900,187.340
30/09/2024,186.330,186.330,188.490,184.650
01/10/2024,185.130,185.130,186.190,183.450
02/10/2024,184.760,184.760,186.600,184.040
03/10/2024,181.960,181.960,183.440,180.880
04/10/2024,186.510,186.510,187.600,183.600
07/10/2024,180.800,180.800,183.600,180.250
08/10/2024,182.720,182.720,183.090,180.920
09/10/2024,185.170,185.170,185.850,182.050
10/10/2024,186.650,186.650,188.130,185.830
11/10/2024,188.820,188.820,189.930,186.300
14/10/2024,187.540,187.540,189.830,187.360
15/10/2024,187.690,187.690,188.410,184.580
16/10/2024,186.890,186.890,187.780,185.610
17/10/2024,187.530,187.530,188.940,186.000
18/10/2024,188.990,188.990,190.740,186.280
21/10/2024,189.070,189.070,189.460,186.400
22/10/2024,189.700,189.700,191.520,186.980
23/10/2024,184.710,184.710,189.160,183.690
24/10/2024,186.380,186.380,187.110,183.860
25/10/2024,187.830,187.830,190.450,187.530
28/10/2024,188.390,188.390,190.210,188.210
29/10/2024,190.830,190.830,191.460,187.820
30/10/2024,192.730,192.730,195.610,192.420
31/10/2024,186.400,186.400,190.600,185.230
01/11/2024,197.930,197.930,200.500,197.020
04/11/2024,195.780,195.780,197.330,194.310
05/11/2024,199.500,199.500,199.820,195.990
06/11/2024,207.090,207.090,207.550,199.140
07/11/2024,210.050,210.050,212.250,207.190
08/11/2024,208.180,208.180,209.960,207.440
